{
	"pages": [
		{
			"path": "pages/index",
			"style": {
				"navigationBarTitleText": "智能派工系统",
				"navigationStyle": "custom"
			}
		},
		{
			"path": "pages/user/home",
			"style": {
				"navigationBarTitleText": "用户首页",
				"navigationStyle": "custom"
			}
		},
		{
			"path": "pages/user/info",
			"style": {
				"navigationBarTitleText": "个人信息",
				"navigationStyle": "default"
			}
		},
		{
			"path": "pages/user/repair",
			"style": {
				"navigationBarTitleText": "报修服务",
				"enablePullDownRefresh": false
			}
		},
		{
			"path": "pages/user/complaint",
			"style": {
				"navigationBarTitleText": "投诉服务",
				"enablePullDownRefresh": false
			}
		},
		{
			"path": "pages/user/order-detail",
			"style": {
				"navigationBarTitleText": "工单详情",
				"navigationStyle": "default", 
				"backgroundColor": "#f5f7fa"
			}
		},
		{
			"path": "pages/employee/order-detail",
			"style": {
				"navigationBarTitleText": "工单详情",
				"navigationStyle": "default", 
				"backgroundColor": "#f5f7fa"
			}
		},
		{
			"path": "pages/login/Login",
			"style": {
				"navigationBarTitleText": "登录/注册"
			}
		},
		{
			"path": "pages/employee/home",
			"style": {
				"navigationBarTitleText": "工作台",
				"navigationStyle": "custom"
			}
		},
		{
			"path": "pages/employee/info",
			"style": {
				"navigationBarTitleText": "员工信息",
				"navigationStyle": "default"
			}
		},
		{
			"path": "pages/base/about",
			"style": {
				"navigationBarTitleText": "关于"
			}
		}
	],
	"easycom": {
		"autoscan": true,
		"custom": {
		"^tab-bar$": "@/components/tab-bar/index",
		"^uni-(.*)": "@dcloudio/uni-ui/lib/uni-$1/uni-$1",
		"^sign-overlay$": "@/components/overlay/sign",
		"^order-overlay$": "@/components/overlay/order"
		}
  	},
	"globalStyle": {
		"navigationBarTextStyle": "black",
		"navigationBarTitleText": "智能派工系统",
		"navigationBarBackgroundColor": "#F8F8F8",
		"backgroundColor": "#F8F8F8"
	}
}
